-- MySQL dump 10.13  Distrib 8.0.44, for Win64 (x86_64)
--
-- Host: localhost    Database: quanlyhocsinhdb
-- ------------------------------------------------------
-- Server version	8.0.44

/*!40101 SET @OLD_CHARACTER_SET_CLIENT=@@CHARACTER_SET_CLIENT */;
/*!40101 SET @OLD_CHARACTER_SET_RESULTS=@@CHARACTER_SET_RESULTS */;
/*!40101 SET @OLD_COLLATION_CONNECTION=@@COLLATION_CONNECTION */;
/*!50503 SET NAMES utf8 */;
/*!40103 SET @OLD_TIME_ZONE=@@TIME_ZONE */;
/*!40103 SET TIME_ZONE='+00:00' */;
/*!40014 SET @OLD_UNIQUE_CHECKS=@@UNIQUE_CHECKS, UNIQUE_CHECKS=0 */;
/*!40014 SET @OLD_FOREIGN_KEY_CHECKS=@@FOREIGN_KEY_CHECKS, FOREIGN_KEY_CHECKS=0 */;
/*!40101 SET @OLD_SQL_MODE=@@SQL_MODE, SQL_MODE='NO_AUTO_VALUE_ON_ZERO' */;
/*!40111 SET @OLD_SQL_NOTES=@@SQL_NOTES, SQL_NOTES=0 */;

--
-- Table structure for table `account`
--

DROP TABLE IF EXISTS `account`;
/*!40101 SET @saved_cs_client     = @@character_set_client */;
/*!50503 SET character_set_client = utf8mb4 */;
CREATE TABLE `account` (
  `username` varchar(50) NOT NULL,
  `password` varchar(255) NOT NULL,
  `studentID` varchar(50) DEFAULT NULL,
  `role` varchar(20) DEFAULT 'user',
  PRIMARY KEY (`username`)
) ENGINE=InnoDB DEFAULT CHARSET=utf8mb4 COLLATE=utf8mb4_0900_ai_ci;
/*!40101 SET character_set_client = @saved_cs_client */;

--
-- Dumping data for table `account`
--

LOCK TABLES `account` WRITE;
/*!40000 ALTER TABLE `account` DISABLE KEYS */;
INSERT INTO `account` VALUES ('admin','7268dc24d98330fccc0959a0cd0a87392c751ea6c79799a0ef131efddaf7718d',NULL,'admin'),('chaulong','7268dc24d98330fccc0959a0cd0a87392c751ea6c79799a0ef131efddaf7718d',NULL,'admin'),('HS001','bcb15f821479b4d5772bd0ca866c00ad5f926e3580720659cc80d39c9d09802a','HS001','student'),('HS002','8d969eef6ecad3c29a3a629280e686cf0c3f5d5a86aff3ca12020c923adc6c92','HS002','student'),('teacher','7268dc24d98330fccc0959a0cd0a87392c751ea6c79799a0ef131efddaf7718d',NULL,'teacher');
/*!40000 ALTER TABLE `account` ENABLE KEYS */;
UNLOCK TABLES;

--
-- Table structure for table `classes`
--

DROP TABLE IF EXISTS `classes`;
/*!40101 SET @saved_cs_client     = @@character_set_client */;
/*!50503 SET character_set_client = utf8mb4 */;
CREATE TABLE `classes` (
  `classID` varchar(20) NOT NULL,
  `className` varchar(50) NOT NULL,
  `schoolYear` varchar(20) DEFAULT NULL,
  PRIMARY KEY (`classID`)
) ENGINE=InnoDB DEFAULT CHARSET=utf8mb4 COLLATE=utf8mb4_0900_ai_ci;
/*!40101 SET character_set_client = @saved_cs_client */;

--
-- Dumping data for table `classes`
--

LOCK TABLES `classes` WRITE;
/*!40000 ALTER TABLE `classes` DISABLE KEYS */;
INSERT INTO `classes` VALUES ('9A1','Lớp 9A1','2024-2025'),('9A2','Lớp 9A2','2024-2025');
/*!40000 ALTER TABLE `classes` ENABLE KEYS */;
UNLOCK TABLES;

--
-- Table structure for table `grade`
--

DROP TABLE IF EXISTS `grade`;
/*!40101 SET @saved_cs_client     = @@character_set_client */;
/*!50503 SET character_set_client = utf8mb4 */;
CREATE TABLE `grade` (
  `studentID` varchar(20) NOT NULL,
  `subjectID` varchar(10) NOT NULL,
  `semester` int NOT NULL DEFAULT '1',
  `regularScore` double DEFAULT '0',
  `midtermScore` double DEFAULT '0',
  `finalScore` double DEFAULT '0',
  PRIMARY KEY (`studentID`,`subjectID`,`semester`),
  KEY `subjectID` (`subjectID`),
  CONSTRAINT `grade_ibfk_1` FOREIGN KEY (`studentID`) REFERENCES `student` (`studentID`) ON DELETE CASCADE,
  CONSTRAINT `grade_ibfk_2` FOREIGN KEY (`subjectID`) REFERENCES `subject` (`subjectID`) ON DELETE CASCADE
) ENGINE=InnoDB DEFAULT CHARSET=utf8mb4 COLLATE=utf8mb4_0900_ai_ci;
/*!40101 SET character_set_client = @saved_cs_client */;

--
-- Dumping data for table `grade`
--

LOCK TABLES `grade` WRITE;
/*!40000 ALTER TABLE `grade` DISABLE KEYS */;
INSERT INTO `grade` VALUES ('HS001','ANH',1,8.1,9.6,8.8),('HS001','ANH',2,5.8,6.5,7.8),('HS001','CN',1,9.4,7.9,7.7),('HS001','CN',2,5.8,9.4,4.4),('HS001','DIA',1,6.2,4.4,7.6),('HS001','DIA',2,8.9,4.7,5.5),('HS001','GDCD',1,8.9,6.5,8.2),('HS001','GDCD',2,6.3,5.4,6.4),('HS001','HOA',1,7.7,4.7,9.6),('HS001','HOA',2,6.7,9.4,7),('HS001','LY',1,8.8,4.8,6.1),('HS001','LY',2,6.8,8.3,7.2),('HS001','SINH',1,8.6,7.7,9.4),('HS001','SINH',2,8.3,7.4,9.4),('HS001','SU',1,6.4,4.1,5.6),('HS001','SU',2,6.4,7.8,6),('HS001','TD',1,6.5,8.6,9.5),('HS001','TD',2,6.4,8,6.7),('HS001','TIN',1,7.9,4.5,8),('HS001','TIN',2,5.4,6.6,9.5),('HS001','TOAN',1,8.2,9.2,6.8),('HS001','TOAN',2,8.5,4.9,7.6),('HS001','VAN',1,9.2,9.5,4.6),('HS001','VAN',2,8.7,6.4,8.6),('HS002','ANH',1,8.8,6,6),('HS002','ANH',2,8.3,6.1,8.4),('HS002','CN',1,6.7,6.7,5.5),('HS002','CN',2,9.2,6.8,9),('HS002','DIA',1,9.9,8.2,7.2),('HS002','DIA',2,8,6.3,4.6),('HS002','GDCD',1,7.1,4.8,6.8),('HS002','GDCD',2,9.4,4,6.4),('HS002','HOA',1,9.3,6.7,8.4),('HS002','HOA',2,6.3,4.9,9.9),('HS002','LY',1,7.9,7.4,4.7),('HS002','LY',2,9.4,4.3,7.6),('HS002','SINH',1,6.4,8.3,8.4),('HS002','SINH',2,7.5,5.9,4.7),('HS002','SU',1,9,7.8,8.3),('HS002','SU',2,8.6,6.5,9.4),('HS002','TD',1,7.3,9.6,5.6),('HS002','TD',2,7.8,9.8,4.8),('HS002','TIN',1,5.5,4.9,6.7),('HS002','TIN',2,9.1,8.3,4.7),('HS002','TOAN',1,9.1,6,4.9),('HS002','TOAN',2,9,7,4.7),('HS002','VAN',1,9.5,7.4,5.1),('HS002','VAN',2,5.8,5.7,9.6),('HS003','ANH',1,8.8,9.7,7.1),('HS003','ANH',2,8.5,9.8,8.3),('HS003','CN',1,5.4,8,4.4),('HS003','CN',2,7,8.6,7.6),('HS003','DIA',1,8.1,8.8,4.7),('HS003','DIA',2,5.8,6.9,9.4),('HS003','GDCD',1,5.5,8,4.5),('HS003','GDCD',2,6.9,7.9,4.7),('HS003','HOA',1,6.7,7.5,9.2),('HS003','HOA',2,8,6.5,5.6),('HS003','LY',1,6.7,6.9,6.3),('HS003','LY',2,7.5,5.8,4.3),('HS003','SINH',1,6,9,7.7),('HS003','SINH',2,8,4.6,8.4),('HS003','SU',1,6.5,4.5,6.9),('HS003','SU',2,5.9,6.7,8.2),('HS003','TD',1,7.8,10,5.7),('HS003','TD',2,7.2,6.2,6.9),('HS003','TIN',1,5.5,8.4,6.1),('HS003','TIN',2,7.8,8.3,9.7),('HS003','TOAN',1,7.7,9.6,4.4),('HS003','TOAN',2,7.7,7.1,9.6),('HS003','VAN',1,8,8.7,5),('HS003','VAN',2,7.3,8.7,7.5),('HS004','ANH',1,8.2,9.1,6),('HS004','ANH',2,5.7,7.8,8.7),('HS004','CN',1,5.4,8.8,8.5),('HS004','CN',2,6.9,7.9,4.7),('HS004','DIA',1,5.6,6.1,6.2),('HS004','DIA',2,9.2,4.5,9.2),('HS004','GDCD',1,9.7,5.9,8.7),('HS004','GDCD',2,9.9,7.2,8.5),('HS004','HOA',1,6.4,5,4.2),('HS004','HOA',2,8.3,5.3,4.7),('HS004','LY',1,7.1,8.3,5.6),('HS004','LY',2,6.2,6.1,4.4),('HS004','SINH',1,9.9,5.3,4.9),('HS004','SINH',2,5.6,4.6,4.9),('HS004','SU',1,8.5,7.3,7.8),('HS004','SU',2,7.5,7.7,7.4),('HS004','TD',1,7.3,9.9,7.2),('HS004','TD',2,8.8,5.1,7.9),('HS004','TIN',1,7.3,4.6,4.9),('HS004','TIN',2,7.1,8,4.6),('HS004','TOAN',1,6.4,6.5,5.2),('HS004','TOAN',2,8.9,5.7,4.3),('HS004','VAN',1,8.4,5.7,6.4),('HS004','VAN',2,5.4,5.5,4.1),('HS005','ANH',1,7.9,9.2,7.8),('HS005','ANH',2,7.6,8.1,9.1),('HS005','CN',1,7,4.2,9.6),('HS005','CN',2,8,4.9,4.1),('HS005','DIA',1,5.7,4.8,5.3),('HS005','DIA',2,8.6,9.8,8),('HS005','GDCD',1,5.8,8.2,4.4),('HS005','GDCD',2,6,9,7.2),('HS005','HOA',1,5.6,4.2,9),('HS005','HOA',2,5.3,8.6,8.2),('HS005','LY',1,7.3,7.6,7.9),('HS005','LY',2,7.1,4.9,7.1),('HS005','SINH',1,8.8,4.8,6.5),('HS005','SINH',2,8.4,4.7,7.4),('HS005','SU',1,5.3,9.4,6),('HS005','SU',2,9.7,8,7.3),('HS005','TD',1,9.2,7.6,6.8),('HS005','TD',2,7.8,6.6,6.8),('HS005','TIN',1,6,5.2,6.4),('HS005','TIN',2,7,8.9,9.1),('HS005','TOAN',1,7.2,8.2,4.9),('HS005','TOAN',2,8.4,9.6,7.6),('HS005','VAN',1,5.2,9,4.1),('HS005','VAN',2,8,9.6,9.1),('HS006','ANH',1,8.4,8.8,9.6),('HS006','ANH',2,6.3,6.9,7.9),('HS006','CN',1,7.7,4.2,7.3),('HS006','CN',2,8.2,7.4,9.2),('HS006','DIA',1,9.2,5.7,9.1),('HS006','DIA',2,7.2,7.9,9.4),('HS006','GDCD',1,5.7,6.1,6.2),('HS006','GDCD',2,8.9,8.8,7.9),('HS006','HOA',1,9.5,9.3,8.2),('HS006','HOA',2,9.2,4.8,4.6),('HS006','LY',1,8,6.4,5.4),('HS006','LY',2,9.9,5,9.3),('HS006','SINH',1,6.7,9.6,7.9),('HS006','SINH',2,7.2,5.4,9.2),('HS006','SU',1,7.5,4.5,9.5),('HS006','SU',2,6.5,8.6,9.6),('HS006','TD',1,5.5,9.6,5.9),('HS006','TD',2,8.9,9.8,6.9),('HS006','TIN',1,5.9,9.8,5.9),('HS006','TIN',2,8.5,7.2,7.2),('HS006','TOAN',1,9.3,6.8,8.6),('HS006','TOAN',2,7.3,4,7.8),('HS006','VAN',1,6,6.7,8),('HS006','VAN',2,9.8,9,5.6),('HS007','ANH',1,5.1,9.7,8.2),('HS007','ANH',2,8.2,4.6,7.4),('HS007','CN',1,7.9,5.7,7.9),('HS007','CN',2,7.2,5.2,8.4),('HS007','DIA',1,8.9,7.5,7.5),('HS007','DIA',2,5.9,4.9,5.2),('HS007','GDCD',1,7.6,4.1,6.9),('HS007','GDCD',2,6.8,6.2,8.7),('HS007','HOA',1,7.7,4.5,8.5),('HS007','HOA',2,7.5,5.7,9.2),('HS007','LY',1,6.1,4.6,8.9),('HS007','LY',2,9,7.1,5.3),('HS007','SINH',1,6.9,4.3,5),('HS007','SINH',2,8.2,8.3,8.1),('HS007','SU',1,7.2,9.1,9.7),('HS007','SU',2,6,4.6,9.6),('HS007','TD',1,9,7.1,5),('HS007','TD',2,6.7,4.9,8.7),('HS007','TIN',1,8.6,9.5,6.2),('HS007','TIN',2,5.5,6.6,8.9),('HS007','TOAN',1,5.2,4.7,7),('HS007','TOAN',2,5.8,5.7,9.5),('HS007','VAN',1,9,4.1,8.1),('HS007','VAN',2,7,9.4,6.1),('HS008','ANH',1,7,5.8,5.8),('HS008','ANH',2,7.8,9.5,9.3),('HS008','CN',1,5.8,8.8,7),('HS008','CN',2,5.6,4.3,9.5),('HS008','DIA',1,5.9,5.6,9.1),('HS008','DIA',2,7.1,7.1,6.1),('HS008','GDCD',1,8,4.6,8),('HS008','GDCD',2,5.3,5.6,5.2),('HS008','HOA',1,9.2,5.4,7.9),('HS008','HOA',2,7.8,9.2,7.9),('HS008','LY',1,8.2,8.7,9.8),('HS008','LY',2,7.6,8.3,10),('HS008','SINH',1,7.4,6.1,6),('HS008','SINH',2,8.2,4.9,8.9),('HS008','SU',1,7.4,6.4,7.2),('HS008','SU',2,7.4,8.5,6.1),('HS008','TD',1,7.1,6.5,9.2),('HS008','TD',2,5.5,9.2,4.1),('HS008','TIN',1,5.5,4.1,8.4),('HS008','TIN',2,8.3,4.7,7.3),('HS008','TOAN',1,8.2,6.4,4.8),('HS008','TOAN',2,7.3,9.5,5),('HS008','VAN',1,7.8,4.4,8.2),('HS008','VAN',2,6.3,5.2,5.5),('HS009','ANH',1,9.8,4.8,8.8),('HS009','ANH',2,7.9,6.9,8.3),('HS009','CN',1,7.9,8.3,8.9),('HS009','CN',2,9.7,5.7,7.4),('HS009','DIA',1,6.9,7.6,9.2),('HS009','DIA',2,7.5,9.5,4.4),('HS009','GDCD',1,8.5,6.8,5.5),('HS009','GDCD',2,9.4,7.7,6.7),('HS009','HOA',1,10,7.4,9.3),('HS009','HOA',2,8.3,8,6),('HS009','LY',1,5.9,9.3,9.1),('HS009','LY',2,8,6.7,6.8),('HS009','SINH',1,6,6.9,9.3),('HS009','SINH',2,9.6,9.7,4),('HS009','SU',1,7.1,5.4,9.6),('HS009','SU',2,9.9,4.5,6.9),('HS009','TD',1,6.4,6,8.8),('HS009','TD',2,5.1,8,5.7),('HS009','TIN',1,9.2,9.5,4.3),('HS009','TIN',2,7.4,5.8,4.2),('HS009','TOAN',1,8,4.5,7.9),('HS009','TOAN',2,5.1,4.6,6.5),('HS009','VAN',1,8.4,8.4,7.7),('HS009','VAN',2,9.6,8.5,9.8),('HS010','ANH',1,8,4.9,9.9),('HS010','ANH',2,7.2,5.3,8.8),('HS010','CN',1,8.7,4.2,9.7),('HS010','CN',2,8.2,6.3,9.7),('HS010','DIA',1,6.8,9.8,8.5),('HS010','DIA',2,9.3,4.2,7.4),('HS010','GDCD',1,6.2,5.5,7.2),('HS010','GDCD',2,9.6,4,5.7),('HS010','HOA',1,6.9,7.2,7.4),('HS010','HOA',2,6.3,7.3,9.8),('HS010','LY',1,5.6,5.7,4.3),('HS010','LY',2,7.1,9.6,6.6),('HS010','SINH',1,7.5,5.2,7),('HS010','SINH',2,9.5,4.2,6.7),('HS010','SU',1,7.4,9.4,4.6),('HS010','SU',2,8.8,7.3,6.6),('HS010','TD',1,5.3,8.7,8.2),('HS010','TD',2,6,9.3,9),('HS010','TIN',1,9.5,9.3,8.3),('HS010','TIN',2,9.8,7.6,5.1),('HS010','TOAN',1,5.5,5.2,8.4),('HS010','TOAN',2,5.1,9.5,7.2),('HS010','VAN',1,5.6,6.7,9.3),('HS010','VAN',2,5.2,7.5,8.6),('HS011','ANH',1,8.8,4.1,8.9),('HS011','ANH',2,5.2,8.2,6.3),('HS011','CN',1,5.6,8.5,6.1),('HS011','CN',2,7.4,6.5,7.6),('HS011','DIA',1,8.6,7.2,7.3),('HS011','DIA',2,5.6,4,7.8),('HS011','GDCD',1,5.6,9.2,9.9),('HS011','GDCD',2,6.6,8,6),('HS011','HOA',1,7,8.5,7.2),('HS011','HOA',2,7.2,7.5,7.4),('HS011','LY',1,6.8,6.4,9.6),('HS011','LY',2,7.4,7.4,6.5),('HS011','SINH',1,8.4,8.8,10),('HS011','SINH',2,7.7,8.5,4.7),('HS011','SU',1,7.8,4.3,7.5),('HS011','SU',2,8.9,4.6,5.2),('HS011','TD',1,9.6,5.7,8),('HS011','TD',2,7.6,7.4,5.5),('HS011','TIN',1,7.3,6.3,7.3),('HS011','TIN',2,8,5.8,8.6),('HS011','TOAN',1,6.1,4.4,7.8),('HS011','TOAN',2,9.8,9.4,7.8),('HS011','VAN',1,6.8,6.4,9.6),('HS011','VAN',2,7.2,6.4,8.1),('HS012','ANH',1,6.4,7.8,5.7),('HS012','ANH',2,7.6,8.6,5.8),('HS012','CN',1,9.9,6.9,6.8),('HS012','CN',2,9.6,4.8,9.6),('HS012','DIA',1,7.6,9.8,5.9),('HS012','DIA',2,8.3,6.2,8.9),('HS012','GDCD',1,7.1,5.4,9.6),('HS012','GDCD',2,9.7,9.6,9.2),('HS012','HOA',1,10,8.8,4.3),('HS012','HOA',2,9.3,4.6,9.7),('HS012','LY',1,9.4,7.9,7.8),('HS012','LY',2,5.9,9.9,6.3),('HS012','SINH',1,7.7,8,8),('HS012','SINH',2,6.5,7.4,9.5),('HS012','SU',1,9.1,4.2,8.4),('HS012','SU',2,7.7,7.2,4.2),('HS012','TD',1,9.5,5.6,7.9),('HS012','TD',2,7.1,5.2,8.1),('HS012','TIN',1,8.7,10,8.5),('HS012','TIN',2,8.9,7.7,8.5),('HS012','TOAN',1,8.9,6.4,8.1),('HS012','TOAN',2,6.1,4.3,7.5),('HS012','VAN',1,9.3,4.6,9.5),('HS012','VAN',2,6.7,9.4,7),('HS013','ANH',1,8.2,4.9,9.4),('HS013','ANH',2,9.9,5.6,6.1),('HS013','CN',1,8.7,5.1,8.3),('HS013','CN',2,9.9,8.7,4),('HS013','DIA',1,9.3,9.9,6.1),('HS013','DIA',2,8.9,9,9.1),('HS013','GDCD',1,9.4,4.1,6.3),('HS013','GDCD',2,9.6,6.6,6.6),('HS013','HOA',1,9.9,6.9,7),('HS013','HOA',2,10,6.9,6.8),('HS013','LY',1,9.6,8.4,9.3),('HS013','LY',2,6.3,7.5,4.9),('HS013','SINH',1,6.9,8.5,7.6),('HS013','SINH',2,8.5,8.5,7.8),('HS013','SU',1,9.4,7.4,5),('HS013','SU',2,5.8,5.9,4.4),('HS013','TD',1,6.7,6.1,8.2),('HS013','TD',2,7.4,5.7,9.6),('HS013','TIN',1,7.1,6.9,4.8),('HS013','TIN',2,6.2,8.6,4.8),('HS013','TOAN',1,9.1,6.5,7.6),('HS013','TOAN',2,8.7,9.3,5.3),('HS013','VAN',1,5.9,9.9,6.5),('HS013','VAN',2,5.5,5.4,9.5),('HS014','ANH',1,5.3,7.6,9),('HS014','ANH',2,6.8,6.1,7.9),('HS014','CN',1,6.2,4.1,6.3),('HS014','CN',2,9.4,5.4,7.3),('HS014','DIA',1,9.6,9.2,7.2),('HS014','DIA',2,5.4,8.7,8.3),('HS014','GDCD',1,8.3,4.7,7.4),('HS014','GDCD',2,7.6,9.4,9.5),('HS014','HOA',1,8.3,9.6,8),('HS014','HOA',2,7.7,8,8.4),('HS014','LY',1,6,6.2,5.6),('HS014','LY',2,6,5.3,6.8),('HS014','SINH',1,8.7,7.3,7.4),('HS014','SINH',2,5.7,4.4,9.3),('HS014','SU',1,7.9,5.8,8.9),('HS014','SU',2,5.8,6.2,6.2),('HS014','TD',1,7.8,5.6,7.9),('HS014','TD',2,7.2,5.4,9.1),('HS014','TIN',1,6.5,6.7,6),('HS014','TIN',2,6.5,7.3,9.1),('HS014','TOAN',1,8.5,5.6,5.1),('HS014','TOAN',2,5.7,4.9,6.1),('HS014','VAN',1,9.8,8.7,4),('HS014','VAN',2,8.4,6.1,8.5),('HS015','ANH',1,6.2,7.8,6.9),('HS015','ANH',2,7.4,9.5,5.2),('HS015','CN',1,5.5,7.3,7),('HS015','CN',2,9.2,8,9.1),('HS015','DIA',1,7.2,6.2,7.3),('HS015','DIA',2,8.2,7.5,9.8),('HS015','GDCD',1,6.6,4.3,5.7),('HS015','GDCD',2,6.5,7.8,5.6),('HS015','HOA',1,6.2,6.3,5.3),('HS015','HOA',2,9.7,4.4,7),('HS015','LY',1,8,7,8.2),('HS015','LY',2,5,9.5,7.6),('HS015','SINH',1,8.7,4,8.8),('HS015','SINH',2,9.8,6.4,5),('HS015','SU',1,5.5,8.4,6),('HS015','SU',2,7.2,5.5,9.4),('HS015','TD',1,6.2,9.3,8.1),('HS015','TD',2,8.9,9.1,9.6),('HS015','TIN',1,9.4,5.1,6),('HS015','TIN',2,5.3,5.9,6.7),('HS015','TOAN',1,7.4,5.6,9.2),('HS015','TOAN',2,7.7,4.8,4.4),('HS015','VAN',1,5.9,9.6,5),('HS015','VAN',2,9.9,6.8,6.3),('HS016','ANH',1,8,9.9,4.8),('HS016','ANH',2,8.7,5.9,5.9),('HS016','CN',1,7.1,9.8,7.6),('HS016','CN',2,5.4,7.5,8),('HS016','DIA',1,8.8,4.1,8.7),('HS016','DIA',2,9.2,9.5,4.2),('HS016','GDCD',1,7.3,5.9,5),('HS016','GDCD',2,9.6,4.4,7.6),('HS016','HOA',1,9,8.4,5.4),('HS016','HOA',2,9.9,5.1,4),('HS016','LY',1,7.5,8,8.9),('HS016','LY',2,5.5,4,8.6),('HS016','SINH',1,9.9,5.7,7),('HS016','SINH',2,8.1,7.8,5.7),('HS016','SU',1,8.8,5.5,9.8),('HS016','SU',2,5.5,7.4,7.2),('HS016','TD',1,9.3,9.4,9.3),('HS016','TD',2,8.6,9.6,7),('HS016','TIN',1,6.7,8.2,7),('HS016','TIN',2,6.9,6.3,8.8),('HS016','TOAN',1,7.7,4.7,9.5),('HS016','TOAN',2,6.3,7.3,4),('HS016','VAN',1,6.2,7.3,4.5),('HS016','VAN',2,8.7,6.9,5.2),('HS017','ANH',1,6.5,8.9,5.2),('HS017','ANH',2,7.6,9.8,5.8),('HS017','CN',1,8.3,5.5,5.7),('HS017','CN',2,8.4,7.1,7.4),('HS017','DIA',1,8.2,9.2,6.5),('HS017','DIA',2,7.5,5.4,8),('HS017','GDCD',1,8.7,9.8,7.7),('HS017','GDCD',2,5.9,4.4,8.6),('HS017','HOA',1,9,9.8,6.4),('HS017','HOA',2,5.6,6.3,7.5),('HS017','LY',1,8,5.3,5.6),('HS017','LY',2,8.3,7.2,8.1),('HS017','SINH',1,9.1,7.5,6.8),('HS017','SINH',2,7.9,6.8,7.6),('HS017','SU',1,5.1,9.3,6.3),('HS017','SU',2,6.3,4.7,9),('HS017','TD',1,7.4,4.9,5.6),('HS017','TD',2,9.6,8.6,4.4),('HS017','TIN',1,8.7,6,6.6),('HS017','TIN',2,5.7,6.6,8.6),('HS017','TOAN',1,7.8,6.7,7.7),('HS017','TOAN',2,8.5,7.9,4.8),('HS017','VAN',1,8.3,5.8,7.4),('HS017','VAN',2,9.7,9.9,4.6),('HS018','ANH',1,10,9.4,10),('HS018','ANH',2,6.4,5.2,5),('HS018','CN',1,8.9,4.5,4.8),('HS018','CN',2,7.1,8.3,5.8),('HS018','DIA',1,9.9,8.2,7.3),('HS018','DIA',2,8.4,8.4,7.5),('HS018','GDCD',1,9.9,4.4,6.1),('HS018','GDCD',2,8,9.4,8.4),('HS018','HOA',1,5.1,6.1,8.4),('HS018','HOA',2,8,8.9,5.7),('HS018','LY',1,8,6.6,6.5),('HS018','LY',2,9,8.4,5.4),('HS018','SINH',1,8.6,9.5,6.7),('HS018','SINH',2,7.3,9.9,7),('HS018','SU',1,9.8,6.7,6.3),('HS018','SU',2,8,8.8,5.3),('HS018','TD',1,5.3,6.6,9.9),('HS018','TD',2,8.2,5.2,4.7),('HS018','TIN',1,5.3,5.3,9.6),('HS018','TIN',2,5.2,6.1,7.7),('HS018','TOAN',1,8.7,7.1,6.2),('HS018','TOAN',2,6.3,5.4,6.1),('HS018','VAN',1,7.8,9.8,4.7),('HS018','VAN',2,8.4,4.6,6.4),('HS019','ANH',1,5.3,9.4,6),('HS019','ANH',2,9.9,9.4,7.1),('HS019','CN',1,7.2,7.7,8.5),('HS019','CN',2,9.6,5.8,8.8),('HS019','DIA',1,8.9,9.2,9.9),('HS019','DIA',2,6.8,9.2,5.2),('HS019','GDCD',1,5.8,5.2,6.9),('HS019','GDCD',2,9.3,9.1,8),('HS019','HOA',1,5.2,7.5,9),('HS019','HOA',2,6.9,6.4,9.2),('HS019','LY',1,9.2,7.1,4.5),('HS019','LY',2,9.4,4.6,9.2),('HS019','SINH',1,8.8,7.5,7.6),('HS019','SINH',2,6.3,7.2,9.3),('HS019','SU',1,8.8,8,4.5),('HS019','SU',2,7.1,9.2,4.4),('HS019','TD',1,7.8,9,6.7),('HS019','TD',2,8.8,6.8,4.2),('HS019','TIN',1,7.1,6.4,8.6),('HS019','TIN',2,8.2,9.5,8),('HS019','TOAN',1,8.8,8.8,8.6),('HS019','TOAN',2,7.2,9.5,5.4),('HS019','VAN',1,6.1,7.5,5.5),('HS019','VAN',2,7.6,9.1,7.9),('HS020','ANH',1,7.5,8.3,4.4),('HS020','ANH',2,5.8,7.7,7.7),('HS020','CN',1,9.6,5.7,8.1),('HS020','CN',2,7.8,8.3,9.6),('HS020','DIA',1,5,7.3,8.4),('HS020','DIA',2,5.2,9.9,8.6),('HS020','GDCD',1,5.9,9.3,9.3),('HS020','GDCD',2,8.8,4.9,7),('HS020','HOA',1,6,9.5,10),('HS020','HOA',2,6,4.4,8),('HS020','LY',1,6,7.9,7.8),('HS020','LY',2,6.1,5.2,6.2),('HS020','SINH',1,6.1,7.9,7.4),('HS020','SINH',2,9.6,9.5,8.7),('HS020','SU',1,7.1,4.7,5.7),('HS020','SU',2,5.5,7.7,8.9),('HS020','TD',1,7.5,4,7.3),('HS020','TD',2,8.6,9.8,8),('HS020','TIN',1,7,6.1,7.2),('HS020','TIN',2,8.2,7.3,9),('HS020','TOAN',1,7.2,8.7,7.5),('HS020','TOAN',2,8.1,6.1,9.4),('HS020','VAN',1,9.7,4.5,8),('HS020','VAN',2,5.2,5.1,8.8),('HS021','ANH',1,8.9,4.9,6.5),('HS021','ANH',2,8.1,9.2,6.6),('HS021','CN',1,7.7,7.5,5.6),('HS021','CN',2,7.8,4.4,7.6),('HS021','DIA',1,5.7,8.4,5.6),('HS021','DIA',2,5.7,9.4,4.3),('HS021','GDCD',1,5.8,4.6,4.5),('HS021','GDCD',2,5.5,5.5,9.9),('HS021','HOA',1,6.5,7.3,9),('HS021','HOA',2,7.6,4.5,9.3),('HS021','LY',1,6.5,6.5,5.2),('HS021','LY',2,8.7,4.7,6),('HS021','SINH',1,8.6,8.6,8.2),('HS021','SINH',2,6,9.6,4.1),('HS021','SU',1,9.9,6.7,5.7),('HS021','SU',2,5.5,7.9,9.6),('HS021','TD',1,9.7,5.3,5.6),('HS021','TD',2,8.3,6.9,7),('HS021','TIN',1,8.1,5,9.6),('HS021','TIN',2,5.9,4.4,9),('HS021','TOAN',1,9.9,5.3,4.9),('HS021','TOAN',2,5.7,5.3,7.9),('HS021','VAN',1,6.3,6.4,5.6),('HS021','VAN',2,5.5,8.2,5.3),('HS022','ANH',1,5.8,10,6.8),('HS022','ANH',2,7,7.2,7.1),('HS022','CN',1,9.8,4.3,6.2),('HS022','CN',2,8.3,5.1,9.6),('HS022','DIA',1,8.7,8.7,8.1),('HS022','DIA',2,5.3,5.3,9.5),('HS022','GDCD',1,8.4,4.2,5),('HS022','GDCD',2,8.7,5,7.9),('HS022','HOA',1,5,9.4,7.2),('HS022','HOA',2,9.5,9.8,4.7),('HS022','LY',1,5.4,7.1,6.2),('HS022','LY',2,6.5,6.3,4.2),('HS022','SINH',1,6.9,6.8,5.2),('HS022','SINH',2,8.2,7.5,9.8),('HS022','SU',1,6.9,7.8,4.1),('HS022','SU',2,5.9,9.2,8.8),('HS022','TD',1,9.6,6.3,4.7),('HS022','TD',2,7.1,8.9,8.6),('HS022','TIN',1,5.8,7.2,4.9),('HS022','TIN',2,5.8,6.3,6.5),('HS022','TOAN',1,8.3,7.6,4.1),('HS022','TOAN',2,6.6,7.3,8.6),('HS022','VAN',1,8,8.4,8.9),('HS022','VAN',2,9.5,4.3,7.4),('HS023','ANH',1,8.9,4.2,8.8),('HS023','ANH',2,9.5,4.5,8.6),('HS023','CN',1,7.3,6.2,6.9),('HS023','CN',2,6.6,4.7,7.7),('HS023','DIA',1,8,6.8,7.3),('HS023','DIA',2,6.5,9.5,7.8),('HS023','GDCD',1,5.5,6.2,7.5),('HS023','GDCD',2,8.8,4.6,5.1),('HS023','HOA',1,7.4,7,10),('HS023','HOA',2,7.6,7.5,6.2),('HS023','LY',1,7.7,4,6.3),('HS023','LY',2,9.4,5.5,7.9),('HS023','SINH',1,9.5,6.5,6.3),('HS023','SINH',2,8.2,4.6,7.4),('HS023','SU',1,9.5,7.1,9.2),('HS023','SU',2,8.8,5.1,8.2),('HS023','TD',1,5.5,4.5,4.7),('HS023','TD',2,6.6,5.6,6),('HS023','TIN',1,7.4,6.8,9.2),('HS023','TIN',2,9.8,5.3,4.9),('HS023','TOAN',1,6.8,9.3,5.8),('HS023','TOAN',2,9.3,6.3,5.9),('HS023','VAN',1,9.9,5.9,8),('HS023','VAN',2,7,9.8,7.9),('HS024','ANH',1,5,8.3,7.6),('HS024','ANH',2,9,5.2,7.9),('HS024','CN',1,8.2,9.5,8.1),('HS024','CN',2,8.1,4.3,6.6),('HS024','DIA',1,8.8,9.6,6.1),('HS024','DIA',2,9.8,8.3,8.6),('HS024','GDCD',1,7.6,9.3,8.9),('HS024','GDCD',2,7.3,8.8,7.8),('HS024','HOA',1,7.9,5.3,6),('HS024','HOA',2,5.2,4.8,7.5),('HS024','LY',1,9.6,5,4.7),('HS024','LY',2,5.2,9.2,5.4),('HS024','SINH',1,9.4,7.5,5.5),('HS024','SINH',2,7.6,8.8,6.8),('HS024','SU',1,9.4,9.6,9.8),('HS024','SU',2,5.4,7,5.7),('HS024','TD',1,9.9,6.5,5.1),('HS024','TD',2,8.3,8.6,9),('HS024','TIN',1,7.3,9.9,7.2),('HS024','TIN',2,8.8,4.9,6.9),('HS024','TOAN',1,5.1,7.7,9.8),('HS024','TOAN',2,9.9,4,4.6),('HS024','VAN',1,7.8,7.1,9.3),('HS024','VAN',2,9.5,9.1,7.1),('HS025','ANH',1,6.3,7.9,6.7),('HS025','ANH',2,6.7,5.9,7.3),('HS025','CN',1,5.8,8.3,4.9),('HS025','CN',2,8.1,7.7,5.3),('HS025','DIA',1,5.8,8.8,7.1),('HS025','DIA',2,5.8,5.8,4.1),('HS025','GDCD',1,8.6,8.7,8.5),('HS025','GDCD',2,6.9,7.7,4),('HS025','HOA',1,5.2,7.4,8.3),('HS025','HOA',2,9.5,6,9.6),('HS025','LY',1,9.7,9.2,7.2),('HS025','LY',2,5.3,8,5.3),('HS025','SINH',1,8.1,7.4,4),('HS025','SINH',2,6.6,7.5,9.6),('HS025','SU',1,7.1,5.2,8.7),('HS025','SU',2,6.7,5.8,7),('HS025','TD',1,8.2,9.3,7.1),('HS025','TD',2,9.5,4,5.7),('HS025','TIN',1,9.6,9.7,4.3),('HS025','TIN',2,6.8,7.8,4.7),('HS025','TOAN',1,9.3,8.2,9.5),('HS025','TOAN',2,7.3,7.5,7.2),('HS025','VAN',1,8.1,5,9.7),('HS025','VAN',2,6.2,6.3,5.2),('HS026','ANH',1,8.6,5,7.8),('HS026','ANH',2,8.5,7.4,8.6),('HS026','CN',1,6.9,9.3,5.8),('HS026','CN',2,9.3,6,4.9),('HS026','DIA',1,7.8,8.5,4.4),('HS026','DIA',2,5.3,4.6,6),('HS026','GDCD',1,5.7,9,8.4),('HS026','GDCD',2,5.8,7.8,8.2),('HS026','HOA',1,6.9,8.7,8.5),('HS026','HOA',2,7.3,10,7.8),('HS026','LY',1,8.6,8.1,5.8),('HS026','LY',2,7.2,5.6,4.2),('HS026','SINH',1,7.5,4.7,4.5),('HS026','SINH',2,5.3,4.1,9.7),('HS026','SU',1,6.9,4.8,7.5),('HS026','SU',2,7.5,8.3,4.8),('HS026','TD',1,5.2,5.7,5.6),('HS026','TD',2,7.6,9,7.4),('HS026','TIN',1,5.4,6,6.3),('HS026','TIN',2,9.9,8.3,7.8),('HS026','TOAN',1,7,8.5,7.2),('HS026','TOAN',2,7.3,8.1,4.1),('HS026','VAN',1,9.2,7.4,5.9),('HS026','VAN',2,9.3,6,4.5),('HS027','ANH',1,8.5,6.6,4.4),('HS027','ANH',2,5.2,10,9.3),('HS027','CN',1,5.9,7.1,4),('HS027','CN',2,7.4,6.1,6.1),('HS027','DIA',1,7.4,7,4.3),('HS027','DIA',2,8.7,7.7,8.8),('HS027','GDCD',1,5,6.5,4.4),('HS027','GDCD',2,5.5,5.9,5.7),('HS027','HOA',1,10,4.3,5.6),('HS027','HOA',2,6,5.4,7.3),('HS027','LY',1,7.4,5.8,4.1),('HS027','LY',2,6.1,4.4,7.8),('HS027','SINH',1,5.1,7.4,8.4),('HS027','SINH',2,9.8,7.5,4.3),('HS027','SU',1,7.5,9.6,5.1),('HS027','SU',2,5.8,5.2,7.1),('HS027','TD',1,9.5,6.1,4.2),('HS027','TD',2,5.4,6.1,7.1),('HS027','TIN',1,7.9,9.2,7.5),('HS027','TIN',2,6.5,8.8,4.4),('HS027','TOAN',1,9.1,7.1,5.1),('HS027','TOAN',2,6.6,4.4,6.1),('HS027','VAN',1,5.6,5.8,4.8),('HS027','VAN',2,9,7.5,7.1),('HS028','ANH',1,5.6,4.6,4.9),('HS028','ANH',2,7.2,8.7,7.5),('HS028','CN',1,6.5,8.8,4.5),('HS028','CN',2,5.3,10,8.9),('HS028','DIA',1,7.5,4.3,8.1),('HS028','DIA',2,6.6,7,7.4),('HS028','GDCD',1,6.4,8,7),('HS028','GDCD',2,7.5,10,7),('HS028','HOA',1,8.6,4.8,6.7),('HS028','HOA',2,9.3,9.8,5.4),('HS028','LY',1,7.4,9.1,9),('HS028','LY',2,7.9,6.3,5),('HS028','SINH',1,6.7,9.9,9.4),('HS028','SINH',2,7.7,4.2,7.1),('HS028','SU',1,9.5,6.9,8),('HS028','SU',2,9.6,7.6,5.4),('HS028','TD',1,9.9,5.1,9.8),('HS028','TD',2,6.4,7,8.1),('HS028','TIN',1,6.3,6.3,5.1),('HS028','TIN',2,8.6,4.5,5.5),('HS028','TOAN',1,8.9,5.3,8.8),('HS028','TOAN',2,6.6,5.1,9.8),('HS028','VAN',1,6.9,5.7,5.5),('HS028','VAN',2,6.9,5.3,9.3),('HS029','ANH',1,9.2,10,6.9),('HS029','ANH',2,7.2,8.3,5.6),('HS029','CN',1,5.4,8.5,6.9),('HS029','CN',2,5.8,6.3,6.4),('HS029','DIA',1,5.1,6.4,9.9),('HS029','DIA',2,8.6,8.1,5.4),('HS029','GDCD',1,5.4,7.7,9),('HS029','GDCD',2,6.5,4.2,5.3),('HS029','HOA',1,7,8.3,6.5),('HS029','HOA',2,9.7,6.5,5.6),('HS029','LY',1,5.5,9,9.4),('HS029','LY',2,9.8,4.8,8.5),('HS029','SINH',1,8.2,8.2,7.5),('HS029','SINH',2,9.1,6,5.3),('HS029','SU',1,9.2,9.9,6.6),('HS029','SU',2,5.9,7.6,6.9),('HS029','TD',1,8.3,8.9,4.6),('HS029','TD',2,5.1,8.9,4.4),('HS029','TIN',1,6.4,7.4,4.1),('HS029','TIN',2,7,9.6,7),('HS029','TOAN',1,9.1,6.3,7.1),('HS029','TOAN',2,7.1,7.5,7.6),('HS029','VAN',1,7.7,4,6.4),('HS029','VAN',2,9.7,7.3,9.3),('HS030','ANH',1,9.9,4.1,4.8),('HS030','ANH',2,8.1,8,7.1),('HS030','CN',1,8.5,4.1,4),('HS030','CN',2,9.9,9.1,5.8),('HS030','DIA',1,9.4,5.6,8.3),('HS030','DIA',2,8.8,8.2,4.9),('HS030','GDCD',1,6.6,9.5,7.5),('HS030','GDCD',2,5.9,4.7,4.3),('HS030','HOA',1,9.6,5.9,9),('HS030','HOA',2,6.2,8.4,9.4),('HS030','LY',1,8.3,8.6,9.2),('HS030','LY',2,5.3,8.3,6.5),('HS030','SINH',1,9.5,9.3,8.1),('HS030','SINH',2,8.9,9,9),('HS030','SU',1,9.1,6.9,9.6),('HS030','SU',2,6.2,6.3,5.3),('HS030','TD',1,6.3,5,4.4),('HS030','TD',2,9,9.2,9.3),('HS030','TIN',1,8.3,7.4,9.3),('HS030','TIN',2,8.4,8.5,8.2),('HS030','TOAN',1,7.5,4.6,9.9),('HS030','TOAN',2,8,4.5,7.5),('HS030','VAN',1,6.1,5.8,9.1),('HS030','VAN',2,6.7,5,8.8),('HS031','ANH',1,5.7,9.5,4.6),('HS031','ANH',2,8.8,6.9,5),('HS031','CN',1,8.5,7.8,4.6),('HS031','CN',2,7.8,7.2,9.7),('HS031','DIA',1,6,6.4,6.4),('HS031','DIA',2,9,8.8,7.7),('HS031','GDCD',1,5.6,5.8,5.1),('HS031','GDCD',2,9.9,6.1,9.1),('HS031','HOA',1,9.7,8.1,7.4),('HS031','HOA',2,8.9,5.3,8.5),('HS031','LY',1,7.5,6.6,8),('HS031','LY',2,5.1,4.9,8.1),('HS031','SINH',1,7.1,4.7,5.8),('HS031','SINH',2,5.6,8.5,6.1),('HS031','SU',1,7,5.1,8.5),('HS031','SU',2,5.9,7.8,8),('HS031','TD',1,7.1,8.4,6.8),('HS031','TD',2,5.6,5.1,7.6),('HS031','TIN',1,6.3,9.1,6.5),('HS031','TIN',2,7.7,6.9,8.6),('HS031','TOAN',1,9,6.9,4.1),('HS031','TOAN',2,8.1,4.4,7),('HS031','VAN',1,7.7,5.2,6),('HS031','VAN',2,5.6,7.4,7),('HS032','ANH',1,9.7,8.7,4.6),('HS032','ANH',2,5.7,6.7,8.7),('HS032','CN',1,6.7,4.3,5.1),('HS032','CN',2,8.9,6.4,7.8),('HS032','DIA',1,6.8,7.8,4.6),('HS032','DIA',2,7.9,7.6,5.3),('HS032','GDCD',1,9.6,4.9,9.9),('HS032','GDCD',2,7.4,6.6,8.4),('HS032','HOA',1,6.8,6,7.7),('HS032','HOA',2,5.2,6.3,8.9),('HS032','LY',1,6.7,8,5.9),('HS032','LY',2,7.9,9.4,8.9),('HS032','SINH',1,9.6,9,6.5),('HS032','SINH',2,7.9,8.1,8.1),('HS032','SU',1,9.6,5.2,5.3),('HS032','SU',2,7.6,9.3,9.5),('HS032','TD',1,9.4,4.7,9.5),('HS032','TD',2,6.3,7.5,4.8),('HS032','TIN',1,8.6,5.3,9.4),('HS032','TIN',2,9.2,7.1,4.5),('HS032','TOAN',1,5.3,7.6,8.7),('HS032','TOAN',2,5.6,5.8,4.8),('HS032','VAN',1,6.9,6.1,8),('HS032','VAN',2,6.3,5.6,7.4),('HS033','ANH',1,7.7,9.7,4.5),('HS033','ANH',2,7.9,7.9,7.2),('HS033','CN',1,6,7.4,5.6),('HS033','CN',2,8.2,6.2,9.6),('HS033','DIA',1,7.5,7.4,5.8),('HS033','DIA',2,9.2,5.6,8.8),('HS033','GDCD',1,6.6,9.2,6.2),('HS033','GDCD',2,6.2,4.9,9.9),('HS033','HOA',1,7.4,9,8.4),('HS033','HOA',2,6.1,9,7.4),('HS033','LY',1,10,7.6,10),('HS033','LY',2,6,4.1,7.1),('HS033','SINH',1,6.5,8.9,5.1),('HS033','SINH',2,7.3,8.6,6.8),('HS033','SU',1,8.1,8.3,8.7),('HS033','SU',2,8.6,5.7,5.4),('HS033','TD',1,7.3,7,5.1),('HS033','TD',2,7.1,7.3,6.7),('HS033','TIN',1,8.8,4.9,6.7),('HS033','TIN',2,9.2,8.9,7.5),('HS033','TOAN',1,8.8,6.6,9.1),('HS033','TOAN',2,5,6.7,5.3),('HS033','VAN',1,7.9,7.4,4.5),('HS033','VAN',2,8.7,6.4,8.7),('HS034','ANH',1,5.1,8,5.7),('HS034','ANH',2,6.9,4.5,5.6),('HS034','CN',1,5.6,6.2,7),('HS034','CN',2,6.7,5.4,4.9),('HS034','DIA',1,9.6,9.9,5),('HS034','DIA',2,9.4,9.2,8.5),('HS034','GDCD',1,8,9.6,9.3),('HS034','GDCD',2,7.9,5.5,7.2),('HS034','HOA',1,6.2,9.7,4.3),('HS034','HOA',2,7,9.1,4.2),('HS034','LY',1,7.6,6.6,7.7),('HS034','LY',2,8.8,9.6,6.4),('HS034','SINH',1,5,7,7),('HS034','SINH',2,10,6.8,6.3),('HS034','SU',1,7.1,9,9.3),('HS034','SU',2,9.5,9,7),('HS034','TD',1,7.2,6,5.8),('HS034','TD',2,7.5,7.5,6.6),('HS034','TIN',1,6.7,6,8.2),('HS034','TIN',2,7.5,6.1,5.8),('HS034','TOAN',1,8.1,6.9,7.4),('HS034','TOAN',2,6.9,5.1,8.7),('HS034','VAN',1,8.6,9.9,8.4),('HS034','VAN',2,8.7,6.9,5.3),('HS035','ANH',1,5.1,8.3,7.2),('HS035','ANH',2,7.5,9.7,5.3),('HS035','CN',1,9.2,7.7,7.6),('HS035','CN',2,5.5,8.5,6.7),('HS035','DIA',1,7.7,9,7.1),('HS035','DIA',2,5.3,8.9,9.1),('HS035','GDCD',1,5.2,6.6,4.1),('HS035','GDCD',2,9.2,4.6,9.8),('HS035','HOA',1,7.8,6.8,8),('HS035','HOA',2,9.5,7.1,9.5),('HS035','LY',1,6.6,6.9,6.8),('HS035','LY',2,9.5,4.6,8.6),('HS035','SINH',1,8.8,7.5,7.5),('HS035','SINH',2,5.9,5.1,6.3),('HS035','SU',1,6.3,4,5.3),('HS035','SU',2,5.6,9.3,4.5),('HS035','TD',1,9.8,4.8,9),('HS035','TD',2,8.7,5.2,8.6),('HS035','TIN',1,8.8,9.8,7.1),('HS035','TIN',2,8.5,9.6,7.3),('HS035','TOAN',1,6.1,4.9,4.4),('HS035','TOAN',2,9.6,6,9.7),('HS035','VAN',1,5.3,7.1,6.6),('HS035','VAN',2,8,8.1,8),('HS036','ANH',1,9.7,5.1,4.6),('HS036','ANH',2,9.8,6.9,7.4),('HS036','CN',1,9.8,6.3,4.5),('HS036','CN',2,6.2,9.9,5.1),('HS036','DIA',1,7.8,8.7,5.1),('HS036','DIA',2,8,6.7,6.8),('HS036','GDCD',1,6.5,7.7,5.3),('HS036','GDCD',2,6,6.4,6.1),('HS036','HOA',1,9.5,5.6,7.8),('HS036','HOA',2,6.8,9.7,7.8),('HS036','LY',1,9.3,6.9,9.3),('HS036','LY',2,9.7,4.3,6.4),('HS036','SINH',1,9.8,8.6,9.9),('HS036','SINH',2,7.9,9.6,9.6),('HS036','SU',1,8.3,5.8,7.3),('HS036','SU',2,9.2,7.5,6),('HS036','TD',1,6.3,7.9,7),('HS036','TD',2,7.6,4.7,4),('HS036','TIN',1,7.1,6.7,9.5),('HS036','TIN',2,6.4,7.6,5.3),('HS036','TOAN',1,9.9,7,7.5),('HS036','TOAN',2,6.9,4.8,7.4),('HS036','VAN',1,6.2,7.4,4.6),('HS036','VAN',2,9.1,8.7,6.8),('HS037','ANH',1,5.3,9,9.9),('HS037','ANH',2,7.2,5.4,9),('HS037','CN',1,8.7,9.3,5.4),('HS037','CN',2,7.5,8.8,6.9),('HS037','DIA',1,6.4,8.1,7.4),('HS037','DIA',2,9.1,6.5,7.6),('HS037','GDCD',1,5.3,9.3,5.6),('HS037','GDCD',2,8.3,7,7.3),('HS037','HOA',1,6.6,5.3,4.9),('HS037','HOA',2,5.3,9.2,4.8),('HS037','LY',1,7.9,4.3,6.8),('HS037','LY',2,6.2,8.6,4.7),('HS037','SINH',1,7,6,7),('HS037','SINH',2,7.5,9.7,5.7),('HS037','SU',1,8.7,6,7),('HS037','SU',2,7.3,8.7,7.3),('HS037','TD',1,9.6,9,6.5),('HS037','TD',2,8,8.3,8.6),('HS037','TIN',1,5.3,4.7,6.7),('HS037','TIN',2,9.2,9.3,9.5),('HS037','TOAN',1,8,5.5,6.5),('HS037','TOAN',2,6.6,6.5,4.3),('HS037','VAN',1,6.8,4.4,5.6),('HS037','VAN',2,5.6,8.7,7.6),('HS038','ANH',1,6,9.8,5.4),('HS038','ANH',2,6.4,8,7.1),('HS038','CN',1,7.2,9.4,5),('HS038','CN',2,5.8,5.8,4.1),('HS038','DIA',1,7.7,7.4,5.2),('HS038','DIA',2,6.6,4.1,4.6),('HS038','GDCD',1,8.2,8.8,4.2),('HS038','GDCD',2,9,9.3,4.2),('HS038','HOA',1,5.1,6.5,4.2),('HS038','HOA',2,9.5,6.2,4.9),('HS038','LY',1,8.3,8.1,6.5),('HS038','LY',2,5.2,9.6,7.4),('HS038','SINH',1,7.7,8.3,9.6),('HS038','SINH',2,7.7,9.4,9.2),('HS038','SU',1,6.4,4.9,9.6),('HS038','SU',2,6.1,5.6,8),('HS038','TD',1,9.4,6.4,6.2),('HS038','TD',2,8.2,4.8,8.4),('HS038','TIN',1,7.9,8.1,8),('HS038','TIN',2,6.4,6.2,10),('HS038','TOAN',1,6.5,7.4,9.5),('HS038','TOAN',2,9.6,9,6.5),('HS038','VAN',1,7.5,10,6.7),('HS038','VAN',2,6.6,5.1,9.8),('HS039','ANH',1,9.6,9.2,7.6),('HS039','ANH',2,6.8,4.3,5.1),('HS039','CN',1,7.5,7.9,8.2),('HS039','CN',2,7.7,7.8,7.4),('HS039','DIA',1,8.8,9.5,6.1),('HS039','DIA',2,9.8,8.6,9.8),('HS039','GDCD',1,5.6,5,6.9),('HS039','GDCD',2,9.7,5.3,5.7),('HS039','HOA',1,9.9,8.3,8),('HS039','HOA',2,5.6,7.8,8.8),('HS039','LY',1,8.7,4.5,4.9),('HS039','LY',2,7.6,4.7,4.4),('HS039','SINH',1,10,7,6.8),('HS039','SINH',2,9.3,9.4,9.3),('HS039','SU',1,7.8,8.4,4),('HS039','SU',2,9.1,4.3,9),('HS039','TD',1,9.7,5.3,5.7),('HS039','TD',2,8.7,9.1,4.1),('HS039','TIN',1,5.2,6.6,4.5),('HS039','TIN',2,5.5,5.8,5),('HS039','TOAN',1,9.7,8,7.3),('HS039','TOAN',2,8.6,9.7,7.4),('HS039','VAN',1,7.8,5.6,8),('HS039','VAN',2,7.6,7.4,6);
/*!40000 ALTER TABLE `grade` ENABLE KEYS */;
UNLOCK TABLES;

--
-- Table structure for table `student`
--

DROP TABLE IF EXISTS `student`;
/*!40101 SET @saved_cs_client     = @@character_set_client */;
/*!50503 SET character_set_client = utf8mb4 */;
CREATE TABLE `student` (
  `studentID` varchar(20) NOT NULL,
  `studentName` varchar(100) NOT NULL,
  `studentClass` varchar(20) NOT NULL,
  `gender` varchar(10) DEFAULT 'Nam',
  PRIMARY KEY (`studentID`),
  KEY `studentClass` (`studentClass`),
  CONSTRAINT `student_ibfk_1` FOREIGN KEY (`studentClass`) REFERENCES `classes` (`classID`) ON DELETE CASCADE
) ENGINE=InnoDB DEFAULT CHARSET=utf8mb4 COLLATE=utf8mb4_0900_ai_ci;
/*!40101 SET character_set_client = @saved_cs_client */;

--
-- Dumping data for table `student`
--

LOCK TABLES `student` WRITE;
/*!40000 ALTER TABLE `student` DISABLE KEYS */;
INSERT INTO `student` VALUES ('HS001','Nguyễn Hải Anh','9A1','Nam'),('HS002','Nguyễn Hùng Hải Anh','9A1','Nam'),('HS003','Phạm Thành Hải Anh','9A1','Nam'),('HS004','Lưu Thị Linh Chi','9A1','Nữ'),('HS005','Nguyễn Minh Đạo','9A1','Nam'),('HS006','Nguyễn Tiến Đạt','9A1','Nam'),('HS007','Đặng Thế Đô','9A1','Nam'),('HS008','Nguyễn Thanh Đức','9A1','Nam'),('HS009','Nguyễn Việt Hoàng','9A1','Nam'),('HS010','Nguyễn Thị Thanh Huệ','9A1','Nữ'),('HS011','Đinh Công Huy','9A1','Nam'),('HS012','Nguyễn Quang Huy','9A1','Nam'),('HS013','Nguyễn Quang Huy','9A1','Nam'),('HS014','Nguyễn Thanh Huyền','9A1','Nữ'),('HS015','Nguyễn Bá Hưng','9A1','Nam'),('HS016','Đặng Văn Nam','9A1','Nam'),('HS017','Khổng Mai Linh','9A1','Nữ'),('HS018','Chu Đức Châu Long','9A1','Nam'),('HS019','Nguyễn Trần Đình Long','9A1','Nam'),('HS020','Nguyễn Đặng Mạnh','9A2','Nam'),('HS021','Giáp Tuấn Minh','9A2','Nam'),('HS022','Nguyễn Đức Hoàng Nam','9A2','Nam'),('HS023','Trịnh Ngọc Nga','9A2','Nữ'),('HS024','Nguyễn Trường Phước','9A2','Nam'),('HS025','Nguyễn Thế Phương','9A2','Nam'),('HS026','Dương Hồng Quang','9A2','Nam'),('HS027','Hoàng Mạnh Quân','9A2','Nam'),('HS028','Trần Danh Quân','9A2','Nam'),('HS029','Nguyễn Đình Quyền','9A2','Nam'),('HS030','Nguyễn Hồng Sơn','9A2','Nam'),('HS031','Vũ Phan Hoàng Sơn','9A2','Nam'),('HS032','Nguyễn Quang Thái','9A2','Nam'),('HS033','Huỳnh Quang Thịnh','9A2','Nam'),('HS034','Vũ Minh Thư','9A2','Nữ'),('HS035','Đỗ Công Tiến','9A2','Nam'),('HS036','Nguyễn Anh Tuấn','9A2','Nam'),('HS037','Phạm Anh Tuấn','9A2','Nam'),('HS038','Nguyễn Công Vinh','9A2','Nam'),('HS039','Phạm Công Vinh','9A2','Nam');
/*!40000 ALTER TABLE `student` ENABLE KEYS */;
UNLOCK TABLES;

--
-- Table structure for table `subject`
--

DROP TABLE IF EXISTS `subject`;
/*!40101 SET @saved_cs_client     = @@character_set_client */;
/*!50503 SET character_set_client = utf8mb4 */;
CREATE TABLE `subject` (
  `subjectID` varchar(10) NOT NULL,
  `subjectName` varchar(50) NOT NULL,
  `coefficient` int DEFAULT '1',
  PRIMARY KEY (`subjectID`)
) ENGINE=InnoDB DEFAULT CHARSET=utf8mb4 COLLATE=utf8mb4_0900_ai_ci;
/*!40101 SET character_set_client = @saved_cs_client */;

--
-- Dumping data for table `subject`
--

LOCK TABLES `subject` WRITE;
/*!40000 ALTER TABLE `subject` DISABLE KEYS */;
INSERT INTO `subject` VALUES ('ANH','Tiếng Anh',2),('CN','Công nghệ',1),('DIA','Địa lý',1),('GDCD','Giáo dục CD',1),('HOA','Hóa học',1),('LY','Vật lý',1),('SINH','Sinh học',1),('SU','Lịch sử',1),('TD','Thể dục',1),('TIN','Tin học',1),('TOAN','Toán học',2),('VAN','Ngữ văn',2);
/*!40000 ALTER TABLE `subject` ENABLE KEYS */;
UNLOCK TABLES;
/*!40103 SET TIME_ZONE=@OLD_TIME_ZONE */;

/*!40101 SET SQL_MODE=@OLD_SQL_MODE */;
/*!40014 SET FOREIGN_KEY_CHECKS=@OLD_FOREIGN_KEY_CHECKS */;
/*!40014 SET UNIQUE_CHECKS=@OLD_UNIQUE_CHECKS */;
/*!40101 SET CHARACTER_SET_CLIENT=@OLD_CHARACTER_SET_CLIENT */;
/*!40101 SET CHARACTER_SET_RESULTS=@OLD_CHARACTER_SET_RESULTS */;
/*!40101 SET COLLATION_CONNECTION=@OLD_COLLATION_CONNECTION */;
/*!40111 SET SQL_NOTES=@OLD_SQL_NOTES */;

-- Dump completed on 2025-12-09 23:27:01
